x;y;z;heading;pitch;bank;left;right;bottom;top;tanLeft;tanRight;tanBottom;tanTop;width;height
730.0023804;905.9949951;1181.4844971;-125.39;-35.34;29.82;-26.4124603;24.9425697;-30.7728004;-3.1186509;-0.4966754;0.4650879;-0.5954764;-0.0544845;0.9617633;0.5409919