x;y;z;heading;pitch;bank;left;right;bottom;top;tanLeft;tanRight;tanBottom;tanTop;width;height
-791.2583008;618.8029175;1273.0413818;114.46;-35.41;-19.56;-25.8664436;25.4945164;-31.1524429;-3.6349254;-0.4848504;0.4768581;-0.6044876;-0.0635267;0.9617084;0.5409610