x;y;z;heading;pitch;bank;left;right;bottom;top;tanLeft;tanRight;tanBottom;tanTop;width;height
-670.8903198;-756.7593994;1211.9422607;58.85;-39.65;21.53;-26.4001312;24.6856041;-31.3617611;-4.1015463;-0.4964072;0.4596442;-0.6094869;-0.0717080;0.9560514;0.5377789