x;y;z;heading;pitch;bank;left;right;bottom;top;tanLeft;tanRight;tanBottom;tanTop;width;height
790.2619629;-321.7192078;1218.0378418;-75.91;-39.06;-16.10;-25.1938686;24.9165955;-31.6514320;-5.1724005;-0.4704336;0.4645366;-0.6164422;-0.0905215;0.9349702;0.5259207